<?xml version="1.0" encoding="UTF-8"?>
<project-private xmlns="http://www.netbeans.org/ns/project-private/1">
    <editor-bookmarks xmlns="http://www.netbeans.org/ns/editor-bookmarks/2" lastBookmarkId="0"/>
    <open-files xmlns="http://www.netbeans.org/ns/projectui-open-files/2">
        <group>
            <file>file:/C:/Users/Miguel_Angel/Documents/NetBeansProjects/Design%20Patterns/src/Composite/presentation_layer/MainForm.java</file>
            <file>file:/C:/Users/Miguel_Angel/Documents/NetBeansProjects/Design%20Patterns/src/Composite/business_layer/TaskLeaf.java</file>
            <file>file:/C:/Users/Miguel_Angel/Documents/NetBeansProjects/Design%20Patterns/src/Composite/business_layer/JobComposite.java</file>
            <file>file:/C:/Users/Miguel_Angel/Documents/NetBeansProjects/Design%20Patterns/src/Composite/business_layer/ProjectComponent.java</file>
            <file>file:/C:/Users/Miguel_Angel/Documents/NetBeansProjects/Design%20Patterns/src/Composite/business_layer/Employee.java</file>
        </group>
    </open-files>
</project-private>
